[
  {
    "id": 1,
    "title": "Intro to React",
    "instructor": "Jane Doe",
    "progress": 80
  },
  {
    "id": 2,
    "title": "Advanced CSS",
    "instructor": "John Smith",
    "progress": 60
  },
  {
    "id": 3,
    "title": "Database Design",
    "instructor": "Amit Patel",
    "progress": 90
  },
  {
    "id": 4,
    "title": "Machine Learning",
    "instructor": "Sara Khan",
    "progress": 40
  },
  {
    "id": 5,
    "title": "Operating Systems",
    "instructor": "Ravi Mehta",
    "progress": 50
  },
  {
    "id": 6,
    "title": "Computer Networks",
    "instructor": "Anjali Roy",
    "progress": 70
  }
]